-- phpMyAdmin SQL Dump
-- version 5.1.1
-- https://www.phpmyadmin.net/
--
-- Máy chủ: 127.0.0.1
-- Thời gian đã tạo: Th3 19, 2022 lúc 06:53 PM
-- Phiên bản máy phục vụ: 10.4.22-MariaDB
-- Phiên bản PHP: 8.0.13

SET SQL_MODE = "NO_AUTO_VALUE_ON_ZERO";
START TRANSACTION;
SET time_zone = "+00:00";


/*!40101 SET @OLD_CHARACTER_SET_CLIENT=@@CHARACTER_SET_CLIENT */;
/*!40101 SET @OLD_CHARACTER_SET_RESULTS=@@CHARACTER_SET_RESULTS */;
/*!40101 SET @OLD_COLLATION_CONNECTION=@@COLLATION_CONNECTION */;
/*!40101 SET NAMES utf8mb4 */;

--
-- Cơ sở dữ liệu: `doan`
--

-- --------------------------------------------------------

--
-- Cấu trúc bảng cho bảng `blogs`
--

CREATE TABLE `blogs` (
  `id` bigint(20) UNSIGNED NOT NULL,
  `user_id` int(10) UNSIGNED NOT NULL,
  `title` varchar(255) COLLATE utf8mb4_unicode_ci NOT NULL,
  `images` varchar(255) COLLATE utf8mb4_unicode_ci NOT NULL,
  `created_at` timestamp NULL DEFAULT NULL,
  `updated_at` timestamp NULL DEFAULT NULL
) ENGINE=InnoDB DEFAULT CHARSET=utf8mb4 COLLATE=utf8mb4_unicode_ci;

-- --------------------------------------------------------

--
-- Cấu trúc bảng cho bảng `blog_comments`
--

CREATE TABLE `blog_comments` (
  `id` int(10) UNSIGNED NOT NULL,
  `blog_id` int(10) UNSIGNED NOT NULL,
  `user_id` int(10) UNSIGNED DEFAULT NULL,
  `email` varchar(255) COLLATE utf8mb4_unicode_ci NOT NULL,
  `name` varchar(255) COLLATE utf8mb4_unicode_ci NOT NULL,
  `messages` varchar(255) COLLATE utf8mb4_unicode_ci NOT NULL,
  `created_at` timestamp NULL DEFAULT NULL,
  `updated_at` timestamp NULL DEFAULT NULL
) ENGINE=InnoDB DEFAULT CHARSET=utf8mb4 COLLATE=utf8mb4_unicode_ci;

-- --------------------------------------------------------

--
-- Cấu trúc bảng cho bảng `brands`
--

CREATE TABLE `brands` (
  `id` int(10) UNSIGNED NOT NULL,
  `name` varchar(255) COLLATE utf8mb4_unicode_ci NOT NULL,
  `created_at` timestamp NULL DEFAULT NULL,
  `updated_at` timestamp NULL DEFAULT NULL
) ENGINE=InnoDB DEFAULT CHARSET=utf8mb4 COLLATE=utf8mb4_unicode_ci;

--
-- Đang đổ dữ liệu cho bảng `brands`
--

INSERT INTO `brands` (`id`, `name`, `created_at`, `updated_at`) VALUES
(2, 'MVW', NULL, NULL),
(3, 'CITIZEN', NULL, NULL),
(4, 'ELIO', NULL, NULL),
(5, 'CASIO', NULL, NULL);

-- --------------------------------------------------------

--
-- Cấu trúc bảng cho bảng `failed_jobs`
--

CREATE TABLE `failed_jobs` (
  `id` bigint(20) UNSIGNED NOT NULL,
  `uuid` varchar(255) COLLATE utf8mb4_unicode_ci NOT NULL,
  `connection` text COLLATE utf8mb4_unicode_ci NOT NULL,
  `queue` text COLLATE utf8mb4_unicode_ci NOT NULL,
  `payload` longtext COLLATE utf8mb4_unicode_ci NOT NULL,
  `exception` longtext COLLATE utf8mb4_unicode_ci NOT NULL,
  `failed_at` timestamp NOT NULL DEFAULT current_timestamp()
) ENGINE=InnoDB DEFAULT CHARSET=utf8mb4 COLLATE=utf8mb4_unicode_ci;

-- --------------------------------------------------------

--
-- Cấu trúc bảng cho bảng `migrations`
--

CREATE TABLE `migrations` (
  `id` int(10) UNSIGNED NOT NULL,
  `migration` varchar(255) COLLATE utf8mb4_unicode_ci NOT NULL,
  `batch` int(11) NOT NULL
) ENGINE=InnoDB DEFAULT CHARSET=utf8mb4 COLLATE=utf8mb4_unicode_ci;

--
-- Đang đổ dữ liệu cho bảng `migrations`
--

INSERT INTO `migrations` (`id`, `migration`, `batch`) VALUES
(1, '2014_10_12_000000_create_users_table', 1),
(2, '2014_10_12_100000_create_password_resets_table', 1),
(3, '2019_08_19_000000_create_failed_jobs_table', 1),
(4, '2019_12_14_000001_create_personal_access_tokens_table', 1),
(5, '2022_03_09_103514_create_orders_table', 2),
(6, '2022_03_09_104126_create_orders_details_table', 2),
(7, '2022_03_09_104531_create_products_table', 2),
(8, '2022_03_09_104942_create_brands_table', 2),
(9, '2022_03_09_105131_create_product_categoris_table', 2),
(10, '2022_03_09_105334_create_product_images_table', 2),
(11, '2022_03_09_105559_create_product_details_table', 2),
(12, '2022_03_09_105813_create_product_comments_table', 2),
(13, '2022_03_09_110116_create_blogs_table', 2),
(14, '2022_03_09_110342_create_blog_comments_table', 3);

-- --------------------------------------------------------

--
-- Cấu trúc bảng cho bảng `orders`
--

CREATE TABLE `orders` (
  `id` int(10) UNSIGNED NOT NULL,
  `first_name` varchar(255) COLLATE utf8mb4_unicode_ci NOT NULL,
  `last_name` varchar(255) COLLATE utf8mb4_unicode_ci NOT NULL,
  `company_name` varchar(255) COLLATE utf8mb4_unicode_ci DEFAULT NULL,
  `country` varchar(255) COLLATE utf8mb4_unicode_ci NOT NULL,
  `street_address` varchar(255) COLLATE utf8mb4_unicode_ci NOT NULL,
  `postcode_zip` varchar(255) COLLATE utf8mb4_unicode_ci NOT NULL,
  `town_city` varchar(255) COLLATE utf8mb4_unicode_ci NOT NULL,
  `email` varchar(255) COLLATE utf8mb4_unicode_ci NOT NULL,
  `phone` varchar(255) COLLATE utf8mb4_unicode_ci NOT NULL,
  `created_at` timestamp NULL DEFAULT NULL,
  `updated_at` timestamp NULL DEFAULT NULL
) ENGINE=InnoDB DEFAULT CHARSET=utf8mb4 COLLATE=utf8mb4_unicode_ci;

-- --------------------------------------------------------

--
-- Cấu trúc bảng cho bảng `orders_details`
--

CREATE TABLE `orders_details` (
  `id` bigint(20) UNSIGNED NOT NULL,
  `order_id` int(10) UNSIGNED NOT NULL,
  `product_id` int(10) UNSIGNED NOT NULL,
  `qty` int(11) NOT NULL,
  `amount` varchar(255) COLLATE utf8mb4_unicode_ci NOT NULL,
  `total` varchar(255) COLLATE utf8mb4_unicode_ci NOT NULL,
  `created_at` timestamp NULL DEFAULT NULL,
  `updated_at` timestamp NULL DEFAULT NULL
) ENGINE=InnoDB DEFAULT CHARSET=utf8mb4 COLLATE=utf8mb4_unicode_ci;

-- --------------------------------------------------------

--
-- Cấu trúc bảng cho bảng `password_resets`
--

CREATE TABLE `password_resets` (
  `email` varchar(255) COLLATE utf8mb4_unicode_ci NOT NULL,
  `token` varchar(255) COLLATE utf8mb4_unicode_ci NOT NULL,
  `created_at` timestamp NULL DEFAULT NULL
) ENGINE=InnoDB DEFAULT CHARSET=utf8mb4 COLLATE=utf8mb4_unicode_ci;

-- --------------------------------------------------------

--
-- Cấu trúc bảng cho bảng `personal_access_tokens`
--

CREATE TABLE `personal_access_tokens` (
  `id` bigint(20) UNSIGNED NOT NULL,
  `tokenable_type` varchar(255) COLLATE utf8mb4_unicode_ci NOT NULL,
  `tokenable_id` bigint(20) UNSIGNED NOT NULL,
  `name` varchar(255) COLLATE utf8mb4_unicode_ci NOT NULL,
  `token` varchar(64) COLLATE utf8mb4_unicode_ci NOT NULL,
  `abilities` text COLLATE utf8mb4_unicode_ci DEFAULT NULL,
  `last_used_at` timestamp NULL DEFAULT NULL,
  `created_at` timestamp NULL DEFAULT NULL,
  `updated_at` timestamp NULL DEFAULT NULL
) ENGINE=InnoDB DEFAULT CHARSET=utf8mb4 COLLATE=utf8mb4_unicode_ci;

-- --------------------------------------------------------

--
-- Cấu trúc bảng cho bảng `products`
--

CREATE TABLE `products` (
  `id` int(10) UNSIGNED NOT NULL,
  `brand_id` int(10) UNSIGNED NOT NULL,
  `name` varchar(255) COLLATE utf8mb4_unicode_ci NOT NULL,
  `description` text COLLATE utf8mb4_unicode_ci DEFAULT NULL,
  `content` text COLLATE utf8mb4_unicode_ci DEFAULT NULL,
  `price` double NOT NULL,
  `qty` int(11) NOT NULL,
  `created_at` timestamp NULL DEFAULT NULL,
  `updated_at` timestamp NULL DEFAULT NULL
) ENGINE=InnoDB DEFAULT CHARSET=utf8mb4 COLLATE=utf8mb4_unicode_ci;

--
-- Đang đổ dữ liệu cho bảng `products`
--

INSERT INTO `products` (`id`, `brand_id`, `name`, `description`, `content`, `price`, `qty`, `created_at`, `updated_at`) VALUES
(1, 3, 'Đồng hồ Nam Citizen NP1010-51E', 'Đơn giản và thanh lịch\r\nXu hướng thiết kế chính của đồng hồ Citizen chính hãng là đơn giản và thanh lịch. Citizen luôn chú trọng đến việc đổi mới và tạo sự phong phú cho các mẫu thiết kế. Các chi tiết cũng được Citizen đầu tư kỹ lưỡng trong khâu chế tác.', NULL, 8100000, 20, NULL, NULL),
(2, 3, 'Đồng hồ Nữ Citizen EM0643-84X ', 'Đơn giản và thanh lịch\r\nXu hướng thiết kế chính của đồng hồ Citizen chính hãng là đơn giản và thanh lịch. Citizen luôn chú trọng đến việc đổi mới và tạo sự phong phú cho các mẫu thiết kế. Các chi tiết cũng được Citizen đầu tư kỹ lưỡng trong khâu chế tác.', NULL, 7500000, 20, NULL, NULL),
(3, 3, 'Đồng hồ Nữ Citizen EM0726-89Y ', 'Đơn giản và thanh lịch\r\nXu hướng thiết kế chính của đồng hồ Citizen chính hãng là đơn giản và thanh lịch. Citizen luôn chú trọng đến việc đổi mới và tạo sự phong phú cho các mẫu thiết kế. Các chi tiết cũng được Citizen đầu tư kỹ lưỡng trong khâu chế tác.', NULL, 7500000, 20, NULL, NULL),
(4, 3, 'Đồng hồ Nam Citizen NK0008-85L', 'Đơn giản và thanh lịch\r\nXu hướng thiết kế chính của đồng hồ Citizen chính hãng là đơn giản và thanh lịch. Citizen luôn chú trọng đến việc đổi mới và tạo sự phong phú cho các mẫu thiết kế. Các chi tiết cũng được Citizen đầu tư kỹ lưỡng trong khâu chế tác.', NULL, 8500000, 20, NULL, NULL),
(5, 3, 'Đồng hồ Nam Citizen NP1010-01A', 'Đơn giản và thanh lịch\r\nXu hướng thiết kế chính của đồng hồ Citizen chính hãng là đơn giản và thanh lịch. Citizen luôn chú trọng đến việc đổi mới và tạo sự phong phú cho các mẫu thiết kế. Các chi tiết cũng được Citizen đầu tư kỹ lưỡng trong khâu chế tác.', NULL, 8000000, 20, NULL, NULL),
(6, 4, 'Đồng hồ đôi Elio EL072-01/EL07', 'Sang trọng, tinh tế\r\nSản phẩm đồng hồ mang thương hiệu Elio với nhiều mẫu mã năng động, trẻ trung nhưng không kém phần tinh tế và sang trọng, phù hợp với tất cả mọi người hoạt động ở nhiều lĩnh vực từ dân văn phòng đến doanh nhân.', NULL, 1300000, 25, NULL, NULL),
(7, 4, 'Đồng hồ đôi Elio EL050-01/EL05', 'Sang trọng, tinh tế\r\nSản phẩm đồng hồ mang thương hiệu Elio với nhiều mẫu mã năng động, trẻ trung nhưng không kém phần tinh tế và sang trọng, phù hợp với tất cả mọi người hoạt động ở nhiều lĩnh vực từ dân văn phòng đến doanh nhân.', NULL, 1100000, 25, NULL, NULL),
(8, 2, 'Đồng hồ Nam MVW ML061-01', 'Sang trọng, tinh tế\r\nSản phẩm đồng hồ mang thương hiệu MVW với nhiều mẫu mã năng động, trẻ trung nhưng không kém phần tinh tế và sang trọng, phù hợp với tất cả mọi người hoạt động ở nhiều lĩnh vực từ dân văn phòng đến doanh nhân.', NULL, 1100000, 15, NULL, NULL),
(9, 2, 'Đồng hồ Nam MVW MS075-01', 'Sang trọng, tinh tế\r\nSản phẩm đồng hồ mang thương hiệu MVW với nhiều mẫu mã năng động, trẻ trung nhưng không kém phần tinh tế và sang trọng, phù hợp với tất cả mọi người hoạt động ở nhiều lĩnh vực từ dân văn phòng đến doanh nhân.', NULL, 1600000, 15, NULL, NULL),
(10, 5, 'Đồng hồ Nữ Casio LQ-139L-4B1DF ', 'Tinh hoa của sự sáng tạo\r\nThương hiệu đồng hồ nổi tiếng đến từ Nhật Bản không ngừng cải tiến và cho ra mắt những dòng sản phẩm chất lượng phù hợp với nhiều đối tượng khách hàng. Những dòng sản phẩm nổi tiếng của Casio là: G-Shock với thiết kế mạnh mẽ cùng độ bền cao, Edifice thiết kế hiện đại cùng nhiều tính năng vượt trội, Sheen với thiết kế cổ điển và sang trọng,…', NULL, 429000, 20, NULL, NULL),
(11, 5, 'Đồng hồ Nữ Casio LRW-200H-2EVDR', 'Tinh hoa của sự sáng tạo\r\nThương hiệu đồng hồ nổi tiếng đến từ Nhật Bản không ngừng cải tiến và cho ra mắt những dòng sản phẩm chất lượng phù hợp với nhiều đối tượng khách hàng. Những dòng sản phẩm nổi tiếng của Casio là: G-Shock với thiết kế mạnh mẽ cùng độ bền cao, Edifice thiết kế hiện đại cùng nhiều tính năng vượt trội, Sheen với thiết kế cổ điển và sang trọng,…', NULL, 450000, 20, NULL, NULL),
(12, 5, 'Đồng hồ Nữ Casio LRW-200H-2BVDF ', 'Tinh hoa của sự sáng tạo\r\nThương hiệu đồng hồ nổi tiếng đến từ Nhật Bản không ngừng cải tiến và cho ra mắt những dòng sản phẩm chất lượng phù hợp với nhiều đối tượng khách hàng. Những dòng sản phẩm nổi tiếng của Casio là: G-Shock với thiết kế mạnh mẽ cùng độ bền cao, Edifice thiết kế hiện đại cùng nhiều tính năng vượt trội, Sheen với thiết kế cổ điển và sang trọng,…', NULL, 489000, 15, NULL, NULL);

-- --------------------------------------------------------

--
-- Cấu trúc bảng cho bảng `product_comments`
--

CREATE TABLE `product_comments` (
  `id` bigint(20) UNSIGNED NOT NULL,
  `product_id` int(10) UNSIGNED NOT NULL,
  `user_id` int(10) UNSIGNED DEFAULT NULL,
  `name` varchar(255) COLLATE utf8mb4_unicode_ci NOT NULL,
  `email` varchar(255) COLLATE utf8mb4_unicode_ci NOT NULL,
  `messages` varchar(255) COLLATE utf8mb4_unicode_ci NOT NULL,
  `rating` int(10) UNSIGNED NOT NULL,
  `created_at` timestamp NULL DEFAULT NULL,
  `updated_at` timestamp NULL DEFAULT NULL
) ENGINE=InnoDB DEFAULT CHARSET=utf8mb4 COLLATE=utf8mb4_unicode_ci;

-- --------------------------------------------------------

--
-- Cấu trúc bảng cho bảng `product_details`
--

CREATE TABLE `product_details` (
  `id` bigint(20) UNSIGNED NOT NULL,
  `product_id` int(10) UNSIGNED NOT NULL,
  `color` varchar(255) COLLATE utf8mb4_unicode_ci NOT NULL,
  `size` varchar(255) COLLATE utf8mb4_unicode_ci NOT NULL,
  `qty` int(11) NOT NULL,
  `created_at` timestamp NULL DEFAULT NULL,
  `updated_at` timestamp NULL DEFAULT NULL
) ENGINE=InnoDB DEFAULT CHARSET=utf8mb4 COLLATE=utf8mb4_unicode_ci;

-- --------------------------------------------------------

--
-- Cấu trúc bảng cho bảng `product_images`
--

CREATE TABLE `product_images` (
  `id` bigint(20) UNSIGNED NOT NULL,
  `product_id` int(10) UNSIGNED NOT NULL,
  `path` varchar(255) COLLATE utf8mb4_unicode_ci NOT NULL,
  `created_at` timestamp NULL DEFAULT NULL,
  `updated_at` timestamp NULL DEFAULT NULL
) ENGINE=InnoDB DEFAULT CHARSET=utf8mb4 COLLATE=utf8mb4_unicode_ci;

--
-- Đang đổ dữ liệu cho bảng `product_images`
--

INSERT INTO `product_images` (`id`, `product_id`, `path`, `created_at`, `updated_at`) VALUES
(1, 1, 'citizen-np1010-51e-nam-1-1-600x600.jpg', NULL, NULL),
(2, 2, 'citizen-em0643-84x-10-600x600.jpg', NULL, NULL),
(3, 3, 'citizen-em0726-89y-2-600x600.jpg', NULL, NULL),
(4, 4, 'citizen-nk0008-85l-nam-1-1-600x600.jpg', NULL, NULL),
(5, 5, 'citizen-np1010-01a-trang-1-1-600x600.jpg', NULL, NULL),
(6, 6, 'elio-el072-01-.jpg', NULL, NULL),
(7, 7, 'elio-el050-01-.jpg', NULL, NULL),
(8, 8, 'dong-ho-nam-mvw-ml061-01-1.-600x600.jpg', NULL, NULL),
(9, 9, 'dong-ho-nam-mvw-ms075-01-1.-600x600.jpg', NULL, NULL),
(10, 10, 'casio-lq-139l-4b1df-hong-600x600.jpg', NULL, NULL),
(11, 12, 'casio-lrw-200h-2bvdf-trang-1-3-600x600.jpg', NULL, NULL),
(12, 11, 'casio-lrw-200h-2evdr-den-600x600.jpg', NULL, NULL);

-- --------------------------------------------------------

--
-- Cấu trúc bảng cho bảng `users`
--

CREATE TABLE `users` (
  `id` bigint(20) UNSIGNED NOT NULL,
  `name` varchar(255) COLLATE utf8mb4_unicode_ci NOT NULL,
  `email` varchar(255) COLLATE utf8mb4_unicode_ci NOT NULL,
  `email_verified_at` timestamp NULL DEFAULT NULL,
  `password` varchar(255) COLLATE utf8mb4_unicode_ci NOT NULL,
  `remember_token` varchar(100) COLLATE utf8mb4_unicode_ci DEFAULT NULL,
  `avatar` varchar(255) COLLATE utf8mb4_unicode_ci DEFAULT NULL,
  `phone` varchar(10) COLLATE utf8mb4_unicode_ci NOT NULL,
  `address` text COLLATE utf8mb4_unicode_ci DEFAULT NULL,
  `created_at` timestamp NULL DEFAULT NULL,
  `updated_at` timestamp NULL DEFAULT NULL
) ENGINE=InnoDB DEFAULT CHARSET=utf8mb4 COLLATE=utf8mb4_unicode_ci;

--
-- Đang đổ dữ liệu cho bảng `users`
--

INSERT INTO `users` (`id`, `name`, `email`, `email_verified_at`, `password`, `remember_token`, `avatar`, `phone`, `address`, `created_at`, `updated_at`) VALUES
(1, 'Hoai Nam', 'hoainam@gmail.com', NULL, '$2y$10$cSm2oUGeN6eZcIeYP9yiYe0d8s7/q.DJgCupYWrf2y5qGWQSGITOG', NULL, NULL, '0', NULL, NULL, NULL),
(2, 'Hao', 'nhathao@gmail.com', NULL, '$2y$10$uQkTNMJorQX5SVdWCWhFKeCgVJ6zzvQNqPdshXhrKI8BGBgPTQnTK', NULL, NULL, '0', NULL, NULL, NULL),
(3, 'khiencute', 'khien@gmail.com', NULL, '111111', NULL, NULL, '0123456789', 'Cà Mau', '2022-03-19 08:09:52', '2022-03-19 08:09:52'),
(4, 'Nguyet', 'nguyet.xau.xi00@gmail.com', NULL, '123456', NULL, NULL, '0985986141', 'Thôn 3, xã EaPil, huyện M\'Drak, tỉnh Dak Lak', '2022-03-19 08:21:08', '2022-03-19 08:21:08'),
(5, 'tuan', 'tuan@gmail.com', NULL, '$2y$10$/w9ZEOwjNYrHfzHYzc5itOsGMavdGGQWRePlGG8bo0nOqU3iWn6ym', NULL, NULL, '0123659874', 'BMT+', '2022-03-19 09:31:54', '2022-03-19 09:31:54');

--
-- Chỉ mục cho các bảng đã đổ
--

--
-- Chỉ mục cho bảng `blogs`
--
ALTER TABLE `blogs`
  ADD PRIMARY KEY (`id`);

--
-- Chỉ mục cho bảng `blog_comments`
--
ALTER TABLE `blog_comments`
  ADD PRIMARY KEY (`id`);

--
-- Chỉ mục cho bảng `brands`
--
ALTER TABLE `brands`
  ADD PRIMARY KEY (`id`);

--
-- Chỉ mục cho bảng `failed_jobs`
--
ALTER TABLE `failed_jobs`
  ADD PRIMARY KEY (`id`),
  ADD UNIQUE KEY `failed_jobs_uuid_unique` (`uuid`);

--
-- Chỉ mục cho bảng `migrations`
--
ALTER TABLE `migrations`
  ADD PRIMARY KEY (`id`);

--
-- Chỉ mục cho bảng `orders`
--
ALTER TABLE `orders`
  ADD PRIMARY KEY (`id`);

--
-- Chỉ mục cho bảng `orders_details`
--
ALTER TABLE `orders_details`
  ADD PRIMARY KEY (`id`),
  ADD KEY `order_id` (`order_id`),
  ADD KEY `product_id` (`product_id`);

--
-- Chỉ mục cho bảng `password_resets`
--
ALTER TABLE `password_resets`
  ADD KEY `password_resets_email_index` (`email`);

--
-- Chỉ mục cho bảng `personal_access_tokens`
--
ALTER TABLE `personal_access_tokens`
  ADD PRIMARY KEY (`id`),
  ADD UNIQUE KEY `personal_access_tokens_token_unique` (`token`),
  ADD KEY `personal_access_tokens_tokenable_type_tokenable_id_index` (`tokenable_type`,`tokenable_id`);

--
-- Chỉ mục cho bảng `products`
--
ALTER TABLE `products`
  ADD PRIMARY KEY (`id`),
  ADD KEY `brand_id` (`brand_id`);

--
-- Chỉ mục cho bảng `product_comments`
--
ALTER TABLE `product_comments`
  ADD PRIMARY KEY (`id`),
  ADD KEY `product_id` (`product_id`);

--
-- Chỉ mục cho bảng `product_details`
--
ALTER TABLE `product_details`
  ADD PRIMARY KEY (`id`),
  ADD KEY `product_id` (`product_id`);

--
-- Chỉ mục cho bảng `product_images`
--
ALTER TABLE `product_images`
  ADD PRIMARY KEY (`id`),
  ADD KEY `product_id` (`product_id`);

--
-- Chỉ mục cho bảng `users`
--
ALTER TABLE `users`
  ADD PRIMARY KEY (`id`),
  ADD UNIQUE KEY `users_email_unique` (`email`);

--
-- AUTO_INCREMENT cho các bảng đã đổ
--

--
-- AUTO_INCREMENT cho bảng `blogs`
--
ALTER TABLE `blogs`
  MODIFY `id` bigint(20) UNSIGNED NOT NULL AUTO_INCREMENT;

--
-- AUTO_INCREMENT cho bảng `blog_comments`
--
ALTER TABLE `blog_comments`
  MODIFY `id` int(10) UNSIGNED NOT NULL AUTO_INCREMENT;

--
-- AUTO_INCREMENT cho bảng `brands`
--
ALTER TABLE `brands`
  MODIFY `id` int(10) UNSIGNED NOT NULL AUTO_INCREMENT, AUTO_INCREMENT=9;

--
-- AUTO_INCREMENT cho bảng `failed_jobs`
--
ALTER TABLE `failed_jobs`
  MODIFY `id` bigint(20) UNSIGNED NOT NULL AUTO_INCREMENT;

--
-- AUTO_INCREMENT cho bảng `migrations`
--
ALTER TABLE `migrations`
  MODIFY `id` int(10) UNSIGNED NOT NULL AUTO_INCREMENT, AUTO_INCREMENT=15;

--
-- AUTO_INCREMENT cho bảng `orders`
--
ALTER TABLE `orders`
  MODIFY `id` int(10) UNSIGNED NOT NULL AUTO_INCREMENT;

--
-- AUTO_INCREMENT cho bảng `orders_details`
--
ALTER TABLE `orders_details`
  MODIFY `id` bigint(20) UNSIGNED NOT NULL AUTO_INCREMENT;

--
-- AUTO_INCREMENT cho bảng `personal_access_tokens`
--
ALTER TABLE `personal_access_tokens`
  MODIFY `id` bigint(20) UNSIGNED NOT NULL AUTO_INCREMENT;

--
-- AUTO_INCREMENT cho bảng `products`
--
ALTER TABLE `products`
  MODIFY `id` int(10) UNSIGNED NOT NULL AUTO_INCREMENT, AUTO_INCREMENT=13;

--
-- AUTO_INCREMENT cho bảng `product_comments`
--
ALTER TABLE `product_comments`
  MODIFY `id` bigint(20) UNSIGNED NOT NULL AUTO_INCREMENT;

--
-- AUTO_INCREMENT cho bảng `product_details`
--
ALTER TABLE `product_details`
  MODIFY `id` bigint(20) UNSIGNED NOT NULL AUTO_INCREMENT;

--
-- AUTO_INCREMENT cho bảng `product_images`
--
ALTER TABLE `product_images`
  MODIFY `id` bigint(20) UNSIGNED NOT NULL AUTO_INCREMENT, AUTO_INCREMENT=13;

--
-- AUTO_INCREMENT cho bảng `users`
--
ALTER TABLE `users`
  MODIFY `id` bigint(20) UNSIGNED NOT NULL AUTO_INCREMENT, AUTO_INCREMENT=6;

--
-- Các ràng buộc cho các bảng đã đổ
--

--
-- Các ràng buộc cho bảng `orders_details`
--
ALTER TABLE `orders_details`
  ADD CONSTRAINT `orders_details_ibfk_1` FOREIGN KEY (`order_id`) REFERENCES `orders` (`id`),
  ADD CONSTRAINT `orders_details_ibfk_2` FOREIGN KEY (`product_id`) REFERENCES `products` (`id`);

--
-- Các ràng buộc cho bảng `products`
--
ALTER TABLE `products`
  ADD CONSTRAINT `products_ibfk_1` FOREIGN KEY (`brand_id`) REFERENCES `brands` (`id`);

--
-- Các ràng buộc cho bảng `product_comments`
--
ALTER TABLE `product_comments`
  ADD CONSTRAINT `product_comments_ibfk_1` FOREIGN KEY (`product_id`) REFERENCES `products` (`id`);

--
-- Các ràng buộc cho bảng `product_details`
--
ALTER TABLE `product_details`
  ADD CONSTRAINT `product_details_ibfk_1` FOREIGN KEY (`product_id`) REFERENCES `products` (`id`);

--
-- Các ràng buộc cho bảng `product_images`
--
ALTER TABLE `product_images`
  ADD CONSTRAINT `product_images_ibfk_1` FOREIGN KEY (`product_id`) REFERENCES `products` (`id`);
COMMIT;

/*!40101 SET CHARACTER_SET_CLIENT=@OLD_CHARACTER_SET_CLIENT */;
/*!40101 SET CHARACTER_SET_RESULTS=@OLD_CHARACTER_SET_RESULTS */;
/*!40101 SET COLLATION_CONNECTION=@OLD_COLLATION_CONNECTION */;
